transaction_id,amount,transaction_type,account_age_days,is_international,device_type,is_fraud
1,938.54,cash_out,825,0,mobile,0
2,6020.24,debit,1483,0,desktop,1
3,2633.49,transfer,463,0,mobile,0
4,1825.89,debit,1957,0,mobile,0
5,339.25,debit,638,0,mobile,0
6,339.19,cash_out,1254,0,desktop,0
7,119.68,debit,1187,0,mobile,0
8,4022.46,cash_out,674,0,desktop,0
9,1838.16,payment,21,1,tablet,1
10,2462.5,payment,1166,0,mobile,0
11,41.6,cash_out,313,1,desktop,1
12,7007.11,payment,1326,0,desktop,1
13,3572.86,transfer,984,0,mobile,0
14,477.38,debit,1333,0,tablet,0
15,401.36,transfer,1773,1,desktop,0
16,405.22,debit,792,0,mobile,0
17,725.51,payment,52,0,tablet,0
18,1487.86,transfer,953,0,desktop,0
19,1131.07,payment,352,0,desktop,0
20,688.45,debit,1359,0,tablet,0
21,1892.74,cash_out,1847,1,tablet,0
22,300.47,cash_out,507,1,mobile,0
23,691.03,transfer,373,0,mobile,0
24,912.55,payment,900,0,desktop,0
25,1217.87,payment,436,0,tablet,0
26,3075.87,transfer,1014,0,tablet,0
27,445.47,cash_out,30,0,tablet,0
28,1444.06,debit,416,0,desktop,0
29,1795.01,transfer,628,0,tablet,0
30,95.13,debit,1024,1,tablet,0
31,1870.67,cash_out,345,0,desktop,0
32,373.92,payment,1848,0,mobile,0
33,134.53,cash_out,1150,0,mobile,0
34,5947.38,transfer,1157,0,desktop,1
35,6741.26,payment,408,0,tablet,1
36,3304.66,transfer,802,0,desktop,0
37,726.58,transfer,1837,0,mobile,0
38,205.55,cash_out,724,1,mobile,0
39,2305.5,transfer,60,0,desktop,0
40,1160.18,cash_out,1816,0,desktop,0
41,260.3,payment,333,0,mobile,0
42,1367.09,cash_out,798,0,desktop,0
43,69.99,payment,150,0,mobile,0
44,4800.85,cash_out,479,1,desktop,0
45,598.92,debit,796,0,desktop,0
46,2172.51,debit,1835,0,desktop,0
47,747.09,transfer,1367,0,mobile,0
48,1468.22,cash_out,1926,0,desktop,0
49,1582.45,cash_out,973,0,mobile,0
50,408.78,payment,1017,0,mobile,0
51,6985.61,transfer,382,1,desktop,1
52,2984.49,cash_out,1597,0,desktop,0
53,5610.19,transfer,503,0,mobile,1
54,4504.3,debit,1572,0,mobile,0
55,1822.11,cash_out,1702,1,tablet,0
56,5098.87,cash_out,760,0,mobile,1
57,185.31,transfer,1189,0,tablet,0
58,436.27,cash_out,300,0,tablet,0
59,92.56,transfer,1681,0,tablet,0
60,787.06,cash_out,1177,0,desktop,0
61,984.26,payment,115,0,desktop,0
62,633.12,transfer,1453,0,mobile,0
63,3529.12,cash_out,679,0,tablet,0
64,882.45,debit,1691,1,desktop,0
65,659.61,cash_out,11,0,desktop,0
66,1564.81,debit,1978,0,desktop,0
67,303.8,debit,598,0,desktop,0
68,3240.97,payment,653,0,desktop,0
69,154.95,transfer,99,0,tablet,0
70,8668.29,cash_out,1378,0,tablet,1
71,2958.97,payment,359,0,tablet,0
72,443.08,cash_out,1492,0,tablet,0
73,11.07,debit,1296,0,mobile,0
74,3379.79,transfer,1384,0,tablet,0
75,2454.19,cash_out,1141,0,desktop,0
76,2611.33,cash_out,1619,0,tablet,0
77,2950.43,debit,1072,0,mobile,0
78,153.86,cash_out,918,0,desktop,0
79,887.79,cash_out,168,0,tablet,0
80,246.3,debit,1616,0,tablet,0
81,3977.06,payment,968,0,tablet,0
82,1952.6,debit,321,0,desktop,0
83,803.64,payment,1274,0,desktop,0
84,131.34,transfer,1971,0,mobile,0
85,744.98,payment,454,0,desktop,0
86,786.63,payment,307,0,desktop,0
87,2615.75,transfer,961,0,tablet,0
88,2029.78,payment,45,1,desktop,0
89,4364.5,debit,1117,0,tablet,0
90,1278.13,payment,1485,0,tablet,0
91,254.74,transfer,1919,0,desktop,0
92,2498.25,debit,1808,0,mobile,0
93,2860.79,transfer,1855,0,mobile,0
94,1647.77,transfer,1418,0,desktop,0
95,2947.78,cash_out,1205,1,mobile,0
96,1361.63,cash_out,1409,0,tablet,0
97,1479.36,transfer,1718,0,tablet,0
98,1115.63,transfer,1395,0,desktop,0
99,51.5,transfer,568,0,mobile,0
100,228.33,cash_out,900,0,mobile,0
101,63.87,cash_out,150,0,tablet,0
102,2023.46,payment,896,1,desktop,0
103,754.79,payment,1951,0,mobile,0
104,1420.87,transfer,1151,0,desktop,0
105,4762.53,debit,1310,1,mobile,0
106,573.48,debit,735,1,tablet,1
107,1056.56,cash_out,1253,0,tablet,0
108,2817.5,cash_out,1938,0,desktop,0
109,519.61,cash_out,1059,0,tablet,0
110,160.21,transfer,530,1,mobile,0
111,684.28,debit,1816,0,tablet,0
112,351.62,payment,19,0,desktop,0
113,5309.9,transfer,993,0,desktop,1
114,3301.77,payment,387,0,desktop,0
115,2006.99,payment,1666,1,mobile,0
116,4103.04,transfer,1670,1,mobile,1
117,3255.94,payment,691,0,mobile,0
118,412.99,debit,593,0,mobile,0
119,4461.63,payment,161,0,mobile,0
120,1550.2,debit,729,0,tablet,0
121,3294.7,debit,1082,0,mobile,0
122,4528.49,debit,1187,1,mobile,1
123,765.46,cash_out,868,0,tablet,0
124,233.18,payment,1326,0,mobile,0
125,517.37,transfer,1613,1,desktop,0
126,1114.12,transfer,59,0,mobile,0
127,3407.66,payment,673,0,mobile,0
128,3942.69,cash_out,540,1,desktop,1
129,13.95,cash_out,1645,0,desktop,0
130,1429.75,debit,1093,0,desktop,0
131,1080.55,payment,1200,1,desktop,0
132,502.33,payment,1235,1,mobile,0
133,255.36,transfer,866,0,desktop,0
134,823.82,payment,155,0,desktop,0
135,5726.24,cash_out,924,0,tablet,1
136,780.77,payment,1709,1,desktop,0
137,1462.91,transfer,1002,1,desktop,1
138,2428.17,debit,1472,0,tablet,0
139,903.95,transfer,251,0,tablet,0
140,7135.6,transfer,590,0,mobile,1
141,6564.02,debit,696,0,tablet,1
142,580.12,transfer,1594,0,mobile,0
143,1375.32,transfer,492,0,tablet,0
144,715.86,payment,1141,1,tablet,1
145,670.5,payment,1259,0,mobile,0
146,75.17,debit,682,0,tablet,0
147,1880.98,payment,640,0,mobile,0
148,1397.04,payment,670,0,tablet,0
149,105.7,transfer,671,0,desktop,0
150,653.25,cash_out,1465,0,tablet,0
151,4777.72,payment,814,1,mobile,0
152,547.72,cash_out,1688,1,tablet,1
153,313.06,payment,428,0,mobile,0
154,1344.54,payment,997,0,mobile,0
155,8488.07,debit,1488,0,desktop,1
156,554.29,debit,1193,0,desktop,0
157,2230.31,debit,1556,0,mobile,0
158,2867.78,cash_out,659,0,tablet,0
159,542.67,transfer,978,0,mobile,0
160,2605.5,payment,599,0,mobile,0
161,917.05,payment,1110,0,tablet,0
162,2001.01,payment,518,1,tablet,0
163,2007.68,cash_out,450,0,tablet,0
164,1534.77,debit,1287,0,tablet,0
165,189.26,transfer,930,0,mobile,0
166,3607.29,cash_out,779,1,mobile,1
167,773.62,debit,1353,0,desktop,0
168,412.86,cash_out,1836,0,mobile,0
169,83.26,transfer,272,0,tablet,0
170,1787.56,debit,1630,0,desktop,0
171,2263.7,cash_out,1691,0,tablet,0
172,33.45,transfer,1868,0,mobile,0
173,1435.26,payment,1587,1,desktop,1
174,513.65,transfer,1407,0,tablet,0
175,2072.25,payment,646,1,desktop,0
176,383.21,cash_out,1200,0,desktop,0
177,2348.43,debit,1970,1,mobile,1
178,977.92,debit,1786,0,tablet,0
179,5520.69,cash_out,468,1,desktop,1
180,295.89,debit,1008,0,desktop,0
181,834.26,debit,1313,0,tablet,0
182,240.89,payment,709,0,desktop,0
183,5172.38,cash_out,311,0,desktop,1
184,4196.67,transfer,1564,0,desktop,0
185,596.65,payment,1613,0,tablet,0
186,2157.53,cash_out,1251,0,tablet,0
187,3398.97,payment,1135,0,tablet,0
188,1620.26,transfer,563,1,tablet,1
189,1508.56,transfer,297,0,mobile,0
190,553.75,cash_out,1200,0,desktop,0
191,195.45,transfer,630,0,tablet,0
192,4550.25,payment,1015,0,desktop,0
193,4613.55,transfer,45,1,desktop,0
194,2005.34,payment,753,0,mobile,0
195,828.09,payment,1774,0,tablet,0
196,859.14,transfer,362,1,tablet,0
197,2588.93,cash_out,1709,1,desktop,0
198,4548.19,debit,1932,0,tablet,0
199,4362.27,transfer,82,1,desktop,0
200,3027.12,payment,657,1,desktop,0
201,2054.62,payment,1386,0,mobile,0
202,175.78,transfer,1924,0,mobile,0
203,352.59,cash_out,1103,0,mobile,0
204,4576.46,cash_out,434,0,desktop,0
205,1864.99,payment,1008,0,tablet,0
206,18.48,payment,717,0,mobile,0
207,213.99,cash_out,1814,0,tablet,0
208,2178.32,debit,570,0,mobile,0
209,10.15,transfer,837,0,mobile,0
210,350.63,payment,1675,0,desktop,0
211,1591.4,payment,965,0,mobile,0
212,2354.63,cash_out,526,0,mobile,0
213,2110.88,transfer,437,0,desktop,0
214,507.9,cash_out,1572,1,tablet,0
215,2490.83,transfer,169,0,mobile,0
216,541.65,transfer,158,0,desktop,0
217,787.27,transfer,785,0,mobile,0
218,2744.72,payment,1263,0,desktop,0
219,2097.55,debit,1745,0,tablet,0
220,3783.91,cash_out,1595,1,tablet,1
221,2143.63,debit,76,1,desktop,0
222,1680.09,cash_out,1023,0,desktop,0
223,196.71,transfer,1845,0,desktop,0
224,916.83,payment,390,1,tablet,0
225,616.32,debit,67,0,mobile,0
226,559.4,payment,1292,0,tablet,0
227,7224.62,cash_out,351,1,desktop,1
228,998.77,payment,1871,0,desktop,0
229,4452.11,payment,1163,0,tablet,0
230,1994.67,debit,736,0,desktop,0
231,3167.65,transfer,1205,0,tablet,0
232,1396.87,payment,779,0,desktop,0
233,1720.31,transfer,623,0,mobile,0
234,1356.59,cash_out,1242,0,mobile,0
235,434.43,payment,1836,0,desktop,0
236,2563.52,debit,363,0,tablet,0
237,659.15,cash_out,1504,0,mobile,0
238,49.23,cash_out,1831,0,tablet,0
239,2073.94,debit,125,0,desktop,0
240,389.87,payment,1297,1,tablet,0
241,5642.17,payment,671,0,mobile,1
242,6155.12,cash_out,1845,1,tablet,1
243,4927.02,payment,1475,0,tablet,0
244,924.57,transfer,1581,0,desktop,0
245,31.15,debit,462,0,desktop,0
246,5271.05,transfer,1878,1,desktop,1
247,1117.88,payment,1510,0,mobile,0
248,6801.68,cash_out,296,0,mobile,1
249,6627.47,debit,1336,0,desktop,1
250,3834.77,payment,1026,0,desktop,0
251,697.55,payment,320,0,mobile,0
252,972.58,cash_out,217,1,mobile,0
253,3809.45,cash_out,627,0,mobile,0
254,762.29,transfer,455,0,mobile,0
255,371.44,debit,679,0,desktop,0
256,1627.47,debit,642,0,mobile,0
257,5502.59,cash_out,64,0,desktop,1
258,2381.65,transfer,921,0,tablet,0
259,1688.22,debit,1045,0,tablet,0
260,204.46,cash_out,666,1,mobile,1
261,1909.06,payment,1433,0,tablet,0
262,9221.14,debit,1941,0,tablet,1
263,301.84,transfer,1681,0,tablet,0
264,1460.99,transfer,989,1,mobile,0
265,4197.22,transfer,524,0,mobile,0
266,2700.07,payment,1689,0,tablet,0
267,2388.15,debit,1575,1,desktop,0
268,2424.58,debit,246,0,tablet,0
269,890.98,payment,1312,0,mobile,0
270,695.12,debit,357,0,mobile,0
271,3314.75,payment,636,1,mobile,0
272,3322.66,payment,1137,0,tablet,0
273,4035.9,payment,639,0,desktop,0
274,4889.23,transfer,1550,0,mobile,0
275,1432.19,debit,1905,0,mobile,0
276,1392.37,payment,1281,0,tablet,0
277,3201.9,debit,373,0,desktop,0
278,2099.44,transfer,330,0,tablet,0
279,2421.1,payment,1666,0,mobile,0
280,3177.24,cash_out,295,0,desktop,0
281,4414.65,transfer,158,0,desktop,0
282,824.96,cash_out,1117,1,mobile,1
283,941.87,debit,1999,0,desktop,0
284,197.39,debit,415,1,desktop,0
285,1726.83,transfer,987,1,tablet,0
286,73.21,debit,465,0,mobile,0
287,1253.21,cash_out,1776,0,mobile,0
288,1564.59,payment,809,0,mobile,0
289,675.26,payment,1194,0,mobile,0
290,1787.27,payment,1022,0,mobile,0
291,61.95,transfer,793,0,desktop,0
292,76.13,debit,469,0,tablet,0
293,3458.7,cash_out,1583,1,mobile,0
294,893.17,debit,1533,0,tablet,0
295,271.78,debit,747,1,tablet,0
296,1477.31,debit,518,0,desktop,0
297,2939.3,payment,1687,1,mobile,0
298,486.24,cash_out,1837,0,desktop,0
299,1950.44,cash_out,490,0,mobile,0
300,178.42,debit,1696,0,desktop,0
301,106.13,payment,123,0,tablet,0
302,1515.82,payment,758,0,mobile,0
303,1555.82,cash_out,1611,1,tablet,0
304,2029.07,payment,370,0,tablet,0
305,2589.92,payment,350,0,desktop,0
306,7447.11,payment,779,0,mobile,1
307,1452.58,transfer,770,1,tablet,0
308,780.04,debit,978,0,desktop,0
309,3171.31,cash_out,458,0,mobile,0
310,631.7,cash_out,1876,0,mobile,0
311,1155.97,transfer,844,0,tablet,0
312,163.41,debit,1213,0,mobile,0
313,51.36,cash_out,1735,1,tablet,0
314,6574.76,payment,1440,0,mobile,1
315,3615.54,cash_out,1699,1,desktop,0
316,2381.29,payment,1229,0,tablet,0
317,1051.72,transfer,1499,0,tablet,0
318,380.61,payment,320,1,mobile,1
319,340.24,cash_out,271,0,mobile,0
320,576.01,cash_out,1452,1,tablet,1
321,1593.58,cash_out,415,0,mobile,0
322,2507.7,transfer,1972,0,desktop,0
323,2158.78,transfer,152,1,mobile,0
324,656.82,debit,351,0,desktop,0
325,6196.21,cash_out,1349,0,desktop,1
326,2678.03,payment,1134,0,desktop,0
327,1616.46,transfer,253,0,desktop,0
328,1892.06,cash_out,499,1,desktop,0
329,1088.08,cash_out,21,0,mobile,0
330,569.32,transfer,1272,0,desktop,0
331,880.03,debit,570,0,mobile,0
332,2836.36,transfer,51,0,desktop,0
333,29.0,transfer,687,0,tablet,0
334,246.76,payment,603,0,desktop,0
335,94.19,payment,1462,1,tablet,0
336,83.16,debit,1836,0,desktop,0
337,3868.41,cash_out,1191,0,desktop,0
338,2432.48,transfer,1249,0,desktop,0
339,1285.57,debit,1703,0,tablet,0
340,205.91,payment,1495,0,tablet,0
341,1353.04,transfer,143,0,desktop,0
342,1282.9,cash_out,1100,0,mobile,0
343,380.39,payment,1881,0,desktop,0
344,1137.8,payment,1040,0,tablet,0
345,1016.67,payment,957,1,desktop,0
346,1913.44,debit,1559,1,tablet,1
347,2016.23,cash_out,82,1,tablet,1
348,92.72,transfer,408,0,tablet,0
349,938.77,debit,1438,0,desktop,0
350,1966.25,debit,1708,0,tablet,0
351,1398.88,debit,587,0,tablet,0
352,3882.7,payment,868,0,desktop,0
353,2149.95,cash_out,139,1,tablet,0
354,355.71,debit,940,1,desktop,0
355,146.36,transfer,1499,0,tablet,0
356,2056.79,cash_out,1239,0,mobile,0
357,53.74,transfer,1821,1,mobile,0
358,1762.69,cash_out,1801,0,tablet,0
359,5634.51,transfer,275,0,mobile,1
360,1713.56,payment,1570,1,desktop,0
361,982.6,debit,1995,0,mobile,0
362,2061.65,transfer,802,0,tablet,0
363,1225.91,cash_out,262,0,tablet,0
364,1577.63,debit,831,1,desktop,0
365,5676.25,debit,1322,0,tablet,1
366,975.86,cash_out,173,0,desktop,0
367,6498.18,transfer,104,0,mobile,1
368,4715.15,payment,1815,0,mobile,0
369,435.79,payment,842,0,desktop,0
370,143.77,transfer,1143,0,desktop,0
371,212.45,debit,345,0,tablet,0
372,36.78,debit,831,1,mobile,0
373,198.41,debit,247,0,desktop,0
374,2297.75,debit,390,0,mobile,0
375,147.7,transfer,1469,0,desktop,0
376,768.31,debit,908,0,mobile,0
377,3727.05,cash_out,492,0,tablet,0
378,47.09,debit,1970,0,mobile,0
379,3369.06,payment,911,0,mobile,0
380,662.17,debit,1058,0,mobile,0
381,251.5,transfer,1686,0,mobile,0
382,2386.31,payment,1150,0,mobile,0
383,1982.8,transfer,491,1,tablet,0
384,4198.83,transfer,1425,0,desktop,0
385,2656.59,payment,926,0,mobile,0
386,3253.99,transfer,1003,0,tablet,0
387,662.67,transfer,973,0,mobile,0
388,390.67,debit,546,0,mobile,0
389,2777.51,cash_out,1112,0,desktop,0
390,3288.42,transfer,1613,0,mobile,0
391,9314.01,transfer,1206,0,tablet,1
392,1064.16,transfer,1989,1,tablet,0
393,930.49,debit,1045,0,desktop,0
394,2995.91,cash_out,1833,1,mobile,0
395,833.47,payment,137,0,tablet,0
396,5340.28,debit,1641,0,mobile,1
397,3909.68,debit,101,0,mobile,0
398,1120.71,cash_out,1686,0,mobile,0
399,2779.57,cash_out,552,1,desktop,0
400,2809.27,debit,855,0,mobile,0
401,217.68,payment,1565,1,tablet,0
402,4656.89,debit,1691,0,mobile,0
403,1407.41,cash_out,998,0,tablet,0
404,3502.67,payment,1861,0,mobile,0
405,771.47,cash_out,456,0,tablet,0
406,4517.58,payment,399,1,tablet,0
407,985.98,transfer,681,0,mobile,0
408,21.79,cash_out,1894,0,mobile,0
409,4715.81,cash_out,52,0,tablet,0
410,191.45,debit,263,0,desktop,0
411,769.31,cash_out,1163,0,mobile,0
412,5993.94,cash_out,1093,0,desktop,1
413,6015.9,transfer,672,1,mobile,1
414,1703.99,cash_out,476,0,mobile,0
415,1998.46,transfer,296,0,mobile,0
416,1190.03,transfer,1020,0,mobile,0
417,694.05,transfer,1550,0,desktop,0
418,796.97,transfer,1500,1,mobile,0
419,2232.65,payment,1963,0,tablet,0
420,2791.68,debit,787,0,tablet,0
421,3136.39,payment,354,0,desktop,0
422,3117.66,cash_out,651,0,mobile,0
423,191.27,payment,391,0,tablet,0
424,1364.1,payment,1812,1,desktop,0
425,118.56,cash_out,699,0,mobile,0
426,1594.92,cash_out,1286,1,tablet,0
427,1165.11,cash_out,1960,0,tablet,0
428,4373.24,payment,1089,0,desktop,0
429,864.38,payment,1496,0,mobile,0
430,249.01,cash_out,466,0,mobile,0
431,308.62,debit,992,1,tablet,0
432,2866.86,debit,92,0,tablet,0
433,1925.81,transfer,1938,1,tablet,0
434,213.22,cash_out,1132,0,mobile,0
435,175.71,transfer,158,0,desktop,0
436,2414.42,debit,1362,0,desktop,0
437,151.09,transfer,1189,0,mobile,0
438,3450.37,cash_out,199,0,desktop,0
439,2450.0,cash_out,1527,1,tablet,0
440,169.7,cash_out,892,0,desktop,0
441,177.31,payment,272,0,desktop,0
442,8630.92,transfer,1113,0,desktop,1
443,937.68,debit,409,1,tablet,1
444,926.11,debit,773,0,mobile,0
445,3351.15,debit,618,1,tablet,1
446,5884.33,payment,1293,0,mobile,1
447,8537.55,payment,1805,0,mobile,1
448,2799.8,cash_out,1648,0,mobile,0
449,944.04,debit,1585,0,desktop,0
450,174.39,payment,794,0,desktop,0
451,3002.49,cash_out,110,0,mobile,0
452,1634.72,debit,1392,0,mobile,0
453,1104.07,transfer,1413,0,desktop,0
454,4736.48,cash_out,829,0,tablet,0
455,235.76,payment,1254,1,mobile,0
456,1357.01,payment,829,0,tablet,0
457,22.84,cash_out,429,1,desktop,0
458,1264.71,cash_out,133,0,mobile,0
459,115.9,payment,431,0,tablet,0
460,252.98,transfer,1264,0,tablet,0
461,250.05,debit,1723,0,tablet,0
462,2095.14,transfer,1096,0,desktop,0
463,2741.2,cash_out,1518,0,desktop,0
464,1751.11,transfer,1661,0,tablet,0
465,6549.44,payment,1736,0,tablet,1
466,939.59,cash_out,1607,0,desktop,0
467,672.94,debit,777,0,tablet,0
468,4059.01,payment,492,0,tablet,0
469,506.16,payment,528,0,desktop,0
470,6605.74,debit,164,1,tablet,1
471,24.46,debit,101,1,tablet,1
472,7005.05,transfer,991,0,tablet,1
473,88.24,cash_out,1559,0,desktop,0
474,4435.44,debit,464,0,tablet,0
475,1500.29,debit,1774,0,desktop,0
476,9913.66,cash_out,607,0,desktop,1
477,153.32,debit,1678,0,mobile,0
478,1614.22,debit,519,0,mobile,0
479,6967.15,transfer,1216,0,tablet,1
480,1480.89,payment,395,0,desktop,0
481,1985.26,payment,1607,0,mobile,0
482,2379.8,payment,1764,1,tablet,1
483,1212.26,payment,414,0,mobile,0
484,1975.35,debit,255,0,mobile,0
485,1755.65,cash_out,751,1,desktop,0
486,4628.47,cash_out,1624,0,desktop,0
487,93.02,transfer,670,0,mobile,0
488,659.69,transfer,659,0,mobile,0
489,6007.99,debit,1504,0,desktop,1
490,4419.35,cash_out,1859,1,tablet,0
491,1216.35,cash_out,1921,0,desktop,0
492,1935.87,payment,1456,1,mobile,0
493,649.75,debit,910,0,tablet,0
494,416.81,debit,74,0,mobile,0
495,1246.12,payment,1046,0,tablet,0
496,871.91,debit,222,0,mobile,0
497,1752.49,debit,251,0,tablet,0
498,161.84,transfer,502,0,tablet,0
499,7329.92,cash_out,1246,0,mobile,1
500,8567.73,debit,1726,0,tablet,1
501,2395.73,transfer,347,1,desktop,0
502,1536.16,cash_out,182,0,mobile,0
503,740.76,payment,681,0,desktop,0
504,3361.81,transfer,173,0,mobile,0
505,2308.66,transfer,474,1,tablet,0
506,354.95,cash_out,1004,0,tablet,0
507,4836.6,payment,506,1,tablet,0
508,3457.99,transfer,709,0,mobile,0
509,5983.48,debit,404,0,desktop,1
510,2587.21,debit,712,0,desktop,0
511,1900.81,debit,1950,1,mobile,0
512,1083.41,payment,317,0,mobile,0
513,5398.04,transfer,1801,0,desktop,1
514,4020.78,debit,192,0,desktop,0
515,92.55,payment,638,0,desktop,0
516,53.44,debit,1827,1,desktop,0
517,944.7,cash_out,519,0,mobile,0
518,3327.3,transfer,1741,1,mobile,0
519,8728.55,transfer,555,0,tablet,1
520,326.02,payment,1597,0,desktop,0
521,1803.45,payment,633,0,tablet,0
522,958.95,transfer,1797,0,mobile,0
523,7007.42,debit,603,0,mobile,1
524,3691.83,debit,753,0,tablet,0
525,3644.38,cash_out,1260,0,desktop,0
526,1264.83,debit,1778,1,desktop,0
527,1071.67,payment,1766,1,desktop,0
528,638.78,payment,1469,1,desktop,0
529,116.05,debit,1958,1,tablet,0
530,4000.85,payment,1455,0,tablet,0
531,3352.23,transfer,563,0,mobile,0
532,16344.89,transfer,30,0,desktop,1
533,11389.75,debit,563,0,desktop,1
534,1621.3,transfer,406,0,desktop,0
535,2930.57,transfer,634,0,tablet,0
536,5792.34,cash_out,114,0,desktop,1
537,3789.54,cash_out,201,0,tablet,0
538,568.3,transfer,26,0,desktop,0
539,1197.65,debit,1153,0,desktop,0
540,276.59,cash_out,402,0,mobile,0
541,6160.45,payment,434,0,desktop,1
542,1863.7,payment,138,0,desktop,0
543,519.21,payment,1163,0,mobile,0
544,2227.66,debit,581,1,tablet,0
545,1925.34,transfer,1593,0,tablet,0
546,886.84,payment,38,0,desktop,0
547,241.08,debit,1130,1,tablet,1
548,2226.88,cash_out,1043,0,desktop,0
549,1469.22,transfer,251,0,mobile,0
550,2959.61,cash_out,1859,0,mobile,0
551,1468.62,debit,1989,0,desktop,0
552,3823.54,payment,241,0,mobile,0
553,1605.51,payment,798,0,mobile,0
554,1646.23,debit,1317,1,desktop,1
555,4185.52,payment,724,0,desktop,0
556,1033.29,transfer,768,0,mobile,0
557,287.78,debit,811,0,tablet,0
558,58.41,cash_out,785,0,tablet,0
559,2814.11,debit,1988,0,desktop,0
560,1936.8,transfer,735,0,desktop,0
561,2435.33,transfer,209,1,tablet,1
562,478.96,debit,954,0,mobile,0
563,293.23,debit,88,0,tablet,0
564,29.3,payment,1946,0,tablet,0
565,863.37,transfer,965,0,tablet,0
566,1782.79,debit,1888,0,tablet,0
567,995.96,debit,865,0,desktop,0
568,1150.64,transfer,1206,0,desktop,0
569,4690.12,debit,476,0,mobile,0
570,856.21,payment,590,1,mobile,0
571,1443.05,transfer,1449,0,mobile,0
572,3061.74,payment,949,1,mobile,0
573,1010.16,payment,458,0,tablet,0
574,1946.18,payment,96,0,desktop,0
575,3966.28,payment,110,0,desktop,0
576,5972.38,transfer,1041,0,mobile,1
577,318.16,payment,854,0,mobile,0
578,5223.33,payment,1233,0,tablet,1
579,1355.01,debit,1538,0,tablet,0
580,597.47,transfer,96,0,mobile,0
581,1229.17,transfer,52,0,desktop,0
582,7827.31,cash_out,1418,1,desktop,1
583,1356.98,transfer,1654,0,desktop,0
584,797.23,transfer,1468,0,mobile,0
585,2006.97,cash_out,417,0,desktop,0
586,549.26,transfer,1516,1,tablet,1
587,157.79,transfer,673,1,tablet,0
588,275.95,transfer,1050,0,mobile,0
589,274.04,transfer,1678,0,tablet,0
590,329.52,cash_out,157,0,mobile,0
591,298.92,transfer,286,0,desktop,0
592,2048.17,transfer,241,0,desktop,0
593,401.49,cash_out,1859,0,desktop,0
594,848.28,debit,1960,0,tablet,0
595,4541.95,payment,375,0,mobile,0
596,1284.76,debit,1261,1,desktop,0
597,2202.58,cash_out,1684,0,mobile,0
598,378.26,payment,445,0,desktop,0
599,427.1,cash_out,408,0,tablet,0
600,83.45,cash_out,1244,1,tablet,0
601,370.09,transfer,1424,0,mobile,0
602,653.1,payment,508,1,tablet,0
603,389.62,transfer,549,1,tablet,0
604,185.77,payment,572,0,mobile,0
605,257.11,cash_out,1524,0,desktop,0
606,1235.26,cash_out,451,1,tablet,0
607,462.18,debit,1294,0,mobile,0
608,905.96,payment,782,1,tablet,0
609,1400.01,transfer,359,1,tablet,0
610,2344.91,debit,1385,0,tablet,0
611,80.21,debit,529,0,tablet,0
612,3212.99,debit,1353,1,mobile,0
613,1977.19,transfer,147,0,mobile,0
614,170.59,debit,1583,0,mobile,0
615,4136.27,transfer,1656,0,tablet,0
616,5073.39,debit,1001,0,tablet,1
617,126.05,transfer,377,1,tablet,0
618,648.35,cash_out,1253,1,mobile,0
619,3281.87,cash_out,1370,0,tablet,0
620,2758.71,cash_out,1256,0,desktop,0
621,407.96,cash_out,1681,0,tablet,0
622,469.8,cash_out,1801,1,desktop,1
623,925.57,debit,369,0,tablet,0
624,1325.33,debit,930,0,mobile,0
625,1926.0,debit,338,0,tablet,0
626,920.63,transfer,971,0,desktop,0
627,1241.78,transfer,472,1,desktop,0
628,2752.46,transfer,955,0,tablet,0
629,74.75,transfer,972,0,desktop,0
630,581.87,cash_out,1594,0,desktop,0
631,2498.98,cash_out,1837,1,mobile,1
632,4511.53,cash_out,1415,0,tablet,0
633,1433.56,payment,845,0,tablet,0
634,1519.06,debit,1623,0,tablet,0
635,226.72,transfer,1650,1,desktop,0
636,1186.29,transfer,178,0,tablet,0
637,1521.21,cash_out,226,0,tablet,0
638,555.39,transfer,387,0,mobile,0
639,627.35,transfer,128,0,mobile,0
640,947.33,debit,199,0,mobile,0
641,40.55,cash_out,776,1,desktop,0
642,777.45,debit,379,0,tablet,0
643,475.11,payment,1811,0,mobile,0
644,793.5,payment,158,0,mobile,0
645,255.13,payment,1709,0,mobile,0
646,4424.16,cash_out,661,0,tablet,0
647,1800.8,transfer,1892,1,tablet,1
648,2273.27,cash_out,1521,0,tablet,0
649,3113.42,cash_out,779,0,desktop,0
650,1380.07,transfer,383,0,desktop,0
651,181.86,debit,790,0,mobile,0
652,1540.52,payment,1726,0,tablet,0
653,1767.85,debit,169,0,mobile,0
654,2736.43,payment,360,1,tablet,0
655,1130.07,cash_out,1945,0,tablet,0
656,272.97,payment,1321,0,tablet,0
657,667.52,cash_out,1321,1,desktop,0
658,902.23,debit,901,0,desktop,0
659,2076.45,cash_out,1259,0,tablet,0
660,1691.56,debit,532,0,mobile,0
661,880.41,transfer,531,0,tablet,0
662,8612.39,transfer,792,0,tablet,1
663,1861.67,transfer,282,0,mobile,0
664,541.59,cash_out,945,0,tablet,0
665,214.69,transfer,1435,1,mobile,1
666,331.78,payment,192,0,desktop,0
667,564.61,debit,1698,0,desktop,0
668,350.33,debit,497,0,mobile,0
669,412.98,payment,1860,0,desktop,0
670,671.21,cash_out,855,0,desktop,0
671,380.8,cash_out,133,1,mobile,0
672,4541.5,debit,994,1,desktop,0
673,167.27,transfer,1659,0,tablet,0
674,1486.82,cash_out,799,1,tablet,0
675,1056.61,cash_out,423,0,mobile,0
676,8077.28,payment,1758,0,desktop,1
677,237.65,payment,1205,0,tablet,0
678,1014.52,transfer,1321,1,tablet,1
679,6978.12,cash_out,1468,0,desktop,1
680,4012.49,cash_out,695,0,desktop,0
681,3397.33,payment,122,1,tablet,0
682,596.55,cash_out,897,0,tablet,0
683,374.8,debit,1950,0,mobile,0
684,2209.12,payment,131,0,mobile,0
685,5300.77,transfer,1577,0,tablet,1
686,1627.3,payment,1255,0,mobile,0
687,1695.46,cash_out,1664,0,tablet,0
688,656.95,transfer,48,0,tablet,0
689,2934.95,payment,506,1,mobile,0
690,414.16,debit,789,0,mobile,0
691,782.18,debit,1266,0,desktop,0
692,1108.29,payment,952,0,desktop,0
693,1416.97,debit,1563,0,desktop,0
694,555.23,debit,158,0,tablet,0
695,243.97,debit,1430,0,mobile,0
696,1886.4,transfer,1031,0,tablet,0
697,681.13,debit,670,0,mobile,0
698,1740.91,debit,1671,0,tablet,0
699,335.33,debit,1937,0,desktop,0
700,1312.24,transfer,311,0,desktop,0
701,1521.09,payment,1393,0,desktop,0
702,106.43,cash_out,247,0,tablet,0
703,820.77,debit,656,0,mobile,0
704,288.7,payment,672,0,mobile,0
705,130.94,debit,245,1,desktop,0
706,9202.4,transfer,1769,0,desktop,1
707,778.26,payment,212,0,desktop,0
708,3320.14,transfer,265,1,desktop,1
709,587.78,debit,607,0,mobile,0
710,2288.28,debit,671,0,tablet,0
711,2856.13,transfer,244,0,tablet,0
712,1810.89,cash_out,1378,0,tablet,0
713,1275.71,transfer,543,1,tablet,1
714,1061.52,debit,869,0,desktop,0
715,858.09,transfer,1830,1,desktop,1
716,5305.11,cash_out,1814,0,desktop,1
717,3551.21,transfer,1499,0,tablet,0
718,6706.35,cash_out,779,0,desktop,1
719,265.46,cash_out,550,0,desktop,0
720,2625.1,transfer,222,0,mobile,0
721,5572.25,transfer,472,1,mobile,1
722,399.91,payment,445,0,desktop,0
723,137.62,debit,292,0,mobile,0
724,2702.79,cash_out,1595,0,mobile,0
725,1708.85,payment,1640,0,desktop,0
726,3688.15,transfer,1496,0,desktop,0
727,301.12,debit,1440,0,desktop,0
728,3172.1,payment,97,0,desktop,0
729,450.36,cash_out,1077,0,tablet,0
730,357.43,payment,470,0,tablet,0
731,358.89,cash_out,287,1,desktop,0
732,3370.21,transfer,1716,1,mobile,1
733,2188.43,debit,430,0,desktop,0
734,1480.75,debit,1734,0,desktop,0
735,888.92,debit,1386,1,mobile,0
736,4194.41,transfer,705,0,tablet,0
737,996.63,cash_out,524,1,desktop,0
738,3392.17,transfer,712,0,desktop,0
739,1156.55,debit,1663,0,tablet,0
740,946.24,transfer,28,1,tablet,0
741,1242.32,transfer,32,1,mobile,0
742,717.29,transfer,422,0,tablet,0
743,2753.55,cash_out,1063,0,tablet,0
744,1397.21,payment,1840,0,tablet,0
745,528.49,payment,117,0,mobile,0
746,4596.68,transfer,1400,0,tablet,0
747,968.66,payment,1314,0,tablet,0
748,1568.56,payment,1161,1,mobile,1
749,4738.99,transfer,1262,0,tablet,0
750,1957.6,transfer,1144,0,tablet,0
751,248.63,debit,145,0,mobile,0
752,5621.23,payment,371,0,desktop,1
753,1976.15,cash_out,1219,0,mobile,0
754,815.65,transfer,1689,0,tablet,0
755,299.95,debit,1617,0,tablet,0
756,3160.0,cash_out,138,1,tablet,0
757,1935.55,payment,1909,1,mobile,0
758,1524.83,debit,1294,0,tablet,0
759,4486.61,transfer,524,1,tablet,0
760,3107.98,cash_out,458,0,mobile,0
761,328.98,transfer,1933,0,desktop,0
762,747.13,payment,1137,0,desktop,0
763,571.34,cash_out,1516,0,tablet,0
764,2724.74,payment,1257,0,mobile,0
765,68.22,payment,1865,1,tablet,1
766,1687.43,debit,883,0,mobile,0
767,2874.83,transfer,1899,1,mobile,0
768,4187.33,cash_out,1524,0,desktop,0
769,837.35,payment,482,0,desktop,0
770,3443.62,payment,1043,1,mobile,0
771,234.49,cash_out,1438,0,tablet,0
772,3747.49,payment,1929,0,desktop,0
773,272.76,debit,311,0,tablet,0
774,1012.63,debit,240,0,desktop,0
775,3192.01,debit,1764,0,desktop,0
776,324.84,debit,932,0,tablet,0
777,520.79,payment,1099,0,desktop,0
778,2562.09,cash_out,946,1,desktop,0
779,2546.19,cash_out,121,0,tablet,0
780,2049.69,cash_out,1046,0,desktop,0
781,2368.0,cash_out,1426,0,desktop,0
782,1564.94,transfer,509,1,desktop,0
783,580.17,cash_out,941,0,tablet,0
784,848.37,transfer,607,0,mobile,0
785,400.8,transfer,243,0,tablet,0
786,4781.75,debit,611,0,mobile,0
787,1751.22,transfer,323,1,desktop,0
788,1024.49,payment,575,0,mobile,0
789,1239.82,transfer,1045,0,tablet,0
790,5885.65,debit,218,0,tablet,1
791,332.94,transfer,1047,0,desktop,0
792,1764.89,payment,1666,1,mobile,1
793,1409.99,payment,1451,1,desktop,0
794,1890.69,payment,1470,0,desktop,0
795,36.55,debit,1410,1,tablet,0
796,4113.39,debit,1053,0,mobile,0
797,5379.98,cash_out,596,0,mobile,1
798,1665.43,debit,1945,0,mobile,0
799,2385.74,payment,1788,0,mobile,0
800,5114.94,payment,1768,0,desktop,1
801,2456.79,debit,1024,1,desktop,0
802,331.02,transfer,1103,0,tablet,0
803,1717.4,debit,1857,1,desktop,0
804,1866.44,debit,1244,0,desktop,0
805,1103.75,payment,1134,1,tablet,0
806,2666.98,cash_out,707,0,tablet,0
807,5447.35,payment,141,0,tablet,1
808,5195.75,cash_out,1656,0,desktop,1
809,1198.73,payment,1414,1,desktop,0
810,240.36,debit,1165,0,tablet,0
811,8378.35,payment,1053,1,tablet,1
812,3651.44,payment,1939,0,tablet,0
813,266.29,payment,545,0,desktop,0
814,5072.62,debit,1023,1,desktop,1
815,4078.85,debit,236,0,mobile,0
816,1463.1,debit,1187,0,desktop,0
817,1789.43,debit,1838,0,desktop,0
818,1018.33,cash_out,1775,1,desktop,0
819,112.64,cash_out,1502,0,tablet,0
820,816.53,transfer,831,1,desktop,0
821,3247.62,debit,880,0,tablet,0
822,9.29,cash_out,414,1,mobile,0
823,811.43,payment,211,1,mobile,1
824,1015.56,debit,47,0,tablet,0
825,1541.77,transfer,951,0,tablet,0
826,5047.85,transfer,1805,0,tablet,1
827,850.35,transfer,197,0,desktop,0
828,852.21,payment,1090,0,mobile,0
829,2675.02,cash_out,950,0,tablet,0
830,1203.76,payment,1053,0,desktop,0
831,508.76,debit,282,0,mobile,0
832,1204.56,transfer,1152,0,desktop,0
833,303.64,payment,592,0,mobile,0
834,388.11,payment,525,1,desktop,0
835,1379.78,cash_out,1254,0,mobile,0
836,1085.75,cash_out,535,0,mobile,0
837,4926.59,transfer,1548,0,desktop,0
838,900.07,payment,1761,1,tablet,1
839,1737.8,payment,1774,1,mobile,0
840,2000.78,cash_out,345,1,tablet,0
841,26.36,payment,707,1,desktop,0
842,2178.54,payment,1088,0,tablet,0
843,392.12,payment,509,1,tablet,0
844,6492.0,cash_out,909,0,tablet,1
845,321.89,transfer,1921,0,tablet,0
846,1071.0,debit,775,1,tablet,0
847,178.43,transfer,545,0,mobile,0
848,11536.16,debit,171,0,mobile,1
849,1395.09,payment,1703,0,mobile,0
850,1809.64,transfer,603,0,desktop,0
851,138.86,debit,1948,0,tablet,0
852,2772.27,cash_out,168,0,mobile,0
853,471.21,cash_out,1221,0,desktop,0
854,4566.63,transfer,69,0,mobile,0
855,459.18,transfer,924,1,mobile,0
856,423.14,payment,1850,0,tablet,0
857,74.47,transfer,1352,0,desktop,0
858,1277.57,payment,1911,1,tablet,0
859,1664.09,payment,220,1,tablet,0
860,135.93,cash_out,415,0,mobile,0
861,2988.01,cash_out,673,0,tablet,0
862,1207.67,debit,1142,1,desktop,1
863,1486.32,cash_out,1109,1,tablet,0
864,1162.36,cash_out,551,0,tablet,0
865,1024.2,transfer,1347,0,tablet,0
866,1640.33,cash_out,1007,0,mobile,0
867,337.41,debit,1150,0,desktop,0
868,401.61,transfer,936,0,mobile,0
869,3957.9,debit,877,0,mobile,0
870,5841.82,cash_out,1737,0,mobile,1
871,934.6,debit,28,0,mobile,0
872,631.46,transfer,441,0,mobile,0
873,2065.65,payment,1718,1,desktop,0
874,1050.98,debit,749,0,tablet,0
875,51.43,debit,1383,0,mobile,0
876,339.57,transfer,192,1,mobile,0
877,2517.37,transfer,122,0,desktop,0
878,2151.3,debit,1216,0,desktop,0
879,54.94,cash_out,490,0,tablet,0
880,501.99,debit,1179,0,desktop,0
881,525.52,transfer,840,1,tablet,1
882,2228.83,payment,1661,0,mobile,0
883,39.81,payment,1146,0,mobile,0
884,219.87,cash_out,772,0,tablet,0
885,3218.04,debit,485,0,desktop,0
886,393.36,payment,772,1,tablet,0
887,2115.4,debit,1336,0,desktop,0
888,544.1,transfer,980,0,mobile,0
889,209.48,payment,1858,0,desktop,0
890,557.24,cash_out,1029,0,tablet,0
891,2562.19,transfer,1151,0,tablet,0
892,3871.67,cash_out,1846,0,mobile,0
893,3546.5,transfer,170,0,desktop,0
894,1012.28,payment,410,0,desktop,0
895,2205.75,cash_out,207,0,desktop,0
896,458.79,cash_out,1293,0,mobile,0
897,693.87,transfer,669,0,desktop,0
898,4533.2,cash_out,1785,1,tablet,0
899,26.17,transfer,1080,0,desktop,0
900,178.77,transfer,408,0,mobile,0
901,466.1,transfer,1743,0,desktop,0
902,53.78,transfer,1592,0,desktop,0
903,400.41,payment,87,0,tablet,0
904,1749.54,transfer,133,0,desktop,0
905,1094.37,debit,84,0,tablet,0
906,4463.73,cash_out,1904,0,tablet,0
907,3401.39,debit,146,1,mobile,1
908,836.55,payment,611,1,tablet,0
909,600.65,debit,1433,0,tablet,0
910,955.08,cash_out,846,0,mobile,0
911,1784.64,debit,1538,0,tablet,0
912,624.12,payment,509,0,mobile,0
913,1957.12,transfer,1606,1,desktop,1
914,1053.27,debit,147,0,mobile,0
915,1606.13,payment,59,0,tablet,0
916,1145.85,payment,1804,0,mobile,0
917,697.6,cash_out,982,0,tablet,0
918,5930.53,cash_out,1652,0,desktop,1
919,2884.51,debit,1658,0,mobile,0
920,301.91,transfer,1895,0,desktop,0
921,4057.01,payment,263,0,tablet,0
922,1336.64,debit,1663,0,tablet,0
923,4499.08,payment,719,0,desktop,0
924,3217.43,payment,1882,0,mobile,0
925,1107.51,transfer,1910,0,mobile,0
926,45.45,transfer,572,0,tablet,0
927,625.8,debit,766,0,desktop,0
928,1560.18,transfer,1948,0,desktop,0
929,2007.39,transfer,1459,1,mobile,0
930,596.51,debit,556,0,mobile,0
931,300.15,transfer,1335,0,mobile,0
932,3602.77,cash_out,931,0,desktop,0
933,8321.25,payment,590,0,mobile,1
934,1491.79,payment,1382,0,mobile,0
935,376.71,payment,1865,0,tablet,0
936,635.75,payment,1966,1,mobile,1
937,37.12,debit,58,0,mobile,0
938,4913.78,payment,926,0,desktop,0
939,250.56,payment,1107,0,desktop,0
940,1718.48,payment,713,0,tablet,0
941,640.56,payment,270,1,mobile,0
942,1615.67,cash_out,365,0,tablet,0
943,2107.78,payment,1615,0,desktop,0
944,3540.88,cash_out,1635,1,tablet,1
945,462.41,debit,1293,0,desktop,0
946,22.11,transfer,647,0,tablet,0
947,294.42,payment,752,0,tablet,0
948,4605.54,transfer,1328,0,mobile,0
949,4141.2,transfer,1019,0,tablet,0
950,1819.69,debit,940,0,mobile,0
951,1835.17,transfer,650,0,mobile,0
952,2187.47,cash_out,801,0,mobile,0
953,385.64,transfer,1346,0,mobile,0
954,4916.42,transfer,621,0,tablet,0
955,1085.22,transfer,1871,0,desktop,0
956,966.22,payment,818,0,desktop,0
957,1463.43,payment,1215,0,desktop,0
958,96.21,cash_out,695,0,tablet,0
959,363.72,cash_out,1861,0,mobile,0
960,2679.08,payment,1397,0,desktop,0
961,172.86,cash_out,197,1,tablet,0
962,1848.4,payment,1602,0,mobile,0
963,563.0,debit,1576,0,desktop,0
964,986.28,transfer,1629,0,mobile,0
965,681.3,transfer,1697,0,desktop,0
966,879.1,cash_out,994,0,desktop,0
967,2539.13,payment,557,1,desktop,1
968,705.14,payment,734,0,mobile,0
969,1671.29,cash_out,935,0,tablet,0
970,1292.72,payment,1441,0,mobile,0
971,2179.33,debit,885,0,desktop,0
972,5523.84,transfer,627,0,mobile,1
973,2637.81,cash_out,423,0,tablet,0
974,483.99,cash_out,1375,0,mobile,0
975,63.36,payment,1253,0,tablet,0
976,608.34,cash_out,912,0,tablet,0
977,1808.12,debit,172,0,mobile,0
978,105.59,payment,1984,1,desktop,0
979,1371.81,payment,1253,0,tablet,0
980,1816.86,payment,279,1,mobile,1
981,813.66,payment,641,0,tablet,0
982,2947.3,debit,915,1,desktop,0
983,225.44,payment,1881,1,mobile,0
984,156.22,cash_out,1433,0,mobile,0
985,2605.29,debit,1215,0,mobile,0
986,1368.34,transfer,1651,0,desktop,0
987,2332.09,transfer,1762,1,tablet,1
988,1141.25,cash_out,214,0,mobile,0
989,565.79,cash_out,591,0,tablet,0
990,3419.65,debit,1589,0,tablet,0
991,3213.04,transfer,850,1,desktop,0
992,2372.9,transfer,1846,1,mobile,0
993,635.31,transfer,1261,1,tablet,1
994,1784.32,transfer,1729,0,mobile,0
995,895.62,transfer,1652,0,mobile,0
996,192.1,payment,605,0,desktop,0
997,4985.4,cash_out,1883,0,mobile,0
998,294.26,payment,259,0,mobile,0
999,6000.98,transfer,884,0,tablet,1
1000,1181.2,debit,1474,0,desktop,0
